{
    "brim_type": "no_brim",
    "default_acceleration": "4000",
    "elefant_foot_compensation": "0.2",
    "from": "User",
    "inherits": "0.20mm Standard @Voron",
    "initial_layer_print_height": "0.25",
    "is_custom_defined": "0",
    "name": "0.20mm Standard @Voron - widar",
    "print_settings_id": "0.20mm Standard @Voron - widar",
    "skirt_height": "2",
    "skirt_loops": "2",
    "sparse_infill_pattern": "gyroid",
    "travel_speed": "450",
    "version": "1.6.5.2"
}
