{
    "brim_type": "no_brim",
    "default_acceleration": "4000",
    "elefant_foot_compensation": "0.2",
    "from": "User",
    "gap_infill_speed": "50",
    "inherits": "0.20mm Standard @Voron",
    "initial_layer_infill_speed": "50",
    "initial_layer_print_height": "0.25",
    "inner_wall_speed": "50",
    "internal_solid_infill_speed": "50",
    "is_custom_defined": "0",
    "name": "0.20mm TPU (50mms )@Voron - widar",
    "outer_wall_speed": "50",
    "print_settings_id": "0.20mm TPU (50mms )@Voron - widar",
    "skirt_height": "2",
    "skirt_loops": "2",
    "sparse_infill_density": "0%",
    "sparse_infill_pattern": "gyroid",
    "sparse_infill_speed": "50",
    "spiral_mode": "1",
    "top_shell_layers": "0",
    "top_surface_speed": "50",
    "travel_speed": "450",
    "version": "1.6.5.2",
    "wall_loops": "1"
}
