{
    "filament_cost": [
        "400"
    ],
    "filament_density": [
        "1.14"
    ],
    "filament_max_volumetric_speed": [
        "10"
    ],
    "filament_settings_id": [
        "eSUN TPU 83A UNFINISHED"
    ],
    "filament_vendor": [
        "eSUN"
    ],
    "from": "User",
    "hot_plate_temp": [
        "55"
    ],
    "hot_plate_temp_initial_layer": [
        "60"
    ],
    "inherits": "Voron Generic TPU",
    "is_custom_defined": "0",
    "name": "eSUN TPU 83A UNFINISHED",
    "nozzle_temperature_range_low": [
        "220"
    ],
    "slow_down_layer_time": [
        "10"
    ],
    "version": "1.6.5.2"
}
