{
    "chamber_temperature": [
        "40"
    ],
    "close_fan_the_first_x_layers": [
        "2"
    ],
    "fan_cooling_layer_time": [
        "100"
    ],
    "fan_max_speed": [
        "100"
    ],
    "fan_min_speed": [
        "66"
    ],
    "filament_density": [
        "1.06"
    ],
    "filament_flow_ratio": [
        "1.02"
    ],
    "filament_max_volumetric_speed": [
        "30"
    ],
    "filament_settings_id": [
        "Polymaker ASA (to be tuned)"
    ],
    "filament_start_gcode": [
        "; Filament gcode\n; Macro syntax: https://help.prusa3d.com/article/macros_1775\n\n; Set pressure advance per-filament for different nozzle sizes\n{if nozzle_diameter[0]==0.4}SET_PRESSURE_ADVANCE ADVANCE=0.04\n;{elsif nozzle_diameter[0]==0.6}SET_PRESSURE_ADVANCE ADVANCE=0.0x\n{endif}\n"
    ],
    "filament_vendor": [
        "Polymaker"
    ],
    "from": "User",
    "hot_plate_temp": [
        "95"
    ],
    "hot_plate_temp_initial_layer": [
        "95"
    ],
    "inherits": "Voron Generic ASA",
    "is_custom_defined": "0",
    "name": "Polymaker ASA (to be tuned)",
    "slow_down_layer_time": [
        "15"
    ],
    "version": "1.6.5.2"
}
