{
    "filament_flow_ratio": [
        "0.989952"
    ],
    "filament_max_volumetric_speed": [
        "35"
    ],
    "filament_settings_id": [
        "Prusament PLA"
    ],
    "filament_shrink": [
        "99.89%"
    ],
    "filament_start_gcode": [
        "; Filament gcode\n; Macro syntax: https://help.prusa3d.com/article/macros_1775\n\n; Set pressure advance per-filament for different nozzle sizes\n{if nozzle_diameter[0]==0.4}SET_PRESSURE_ADVANCE ADVANCE=0.04\n;{elsif nozzle_diameter[0]==0.6}SET_PRESSURE_ADVANCE ADVANCE=0.0x\n{endif}\n"
    ],
    "filament_vendor": [
        "Prusa"
    ],
    "from": "User",
    "full_fan_speed_layer": [
        "4"
    ],
    "inherits": "Voron Generic PLA",
    "is_custom_defined": "0",
    "name": "Prusament PLA",
    "nozzle_temperature": [
        "215"
    ],
    "nozzle_temperature_initial_layer": [
        "215"
    ],
    "version": "1.6.5.2"
}
