{
    "enable_pressure_advance": [
        "1"
    ],
    "fan_min_speed": [
        "90"
    ],
    "filament_flow_ratio": [
        "0.945"
    ],
    "filament_max_volumetric_speed": [
        "15"
    ],
    "filament_settings_id": [
        "Voron Generic PETG - Copy"
    ],
    "filament_start_gcode": [
        "; Filament gcode\n; Macro syntax: https://help.prusa3d.com/article/macros_1775\n\n; Set pressure advance per-filament for different nozzle sizes\n{if nozzle_diameter[0]==0.4}SET_PRESSURE_ADVANCE ADVANCE=0.085\n;{elsif nozzle_diameter[0]==0.6}SET_PRESSURE_ADVANCE ADVANCE=0.0x\n{endif}\n"
    ],
    "from": "User",
    "hot_plate_temp": [
        "90"
    ],
    "hot_plate_temp_initial_layer": [
        "85"
    ],
    "inherits": "Voron Generic PETG",
    "is_custom_defined": "0",
    "name": "Voron Generic PETG - Copy",
    "nozzle_temperature": [
        "245"
    ],
    "nozzle_temperature_initial_layer": [
        "240"
    ],
    "pressure_advance": [
        "0.085"
    ],
    "slow_down_layer_time": [
        "15"
    ],
    "version": "1.6.5.2"
}
